Player,Tm,Salary,Cap Hit
John Tavares,TOR,"15,900,000","11,000,000"
Connor McDavid,EDM,"15,000,000","12,500,000"
Carey Price,MTL,"15,000,000","10,500,000"
Jamie Benn,DAL,"13,000,000","9,500,000"
Anze Kopitar,LAK,"12,000,000","10,000,000"
Jonathan Toews,CHI,"12,000,000","10,500,000"
Patrick Kane,CHI,"12,000,000","10,500,000"
William Nylander,TOR,"12,000,000","10,277,778"
John Carlson,WSH,"12,000,000","8,000,000"
Brent Burns,SJS,"10,000,000","8,000,000"
Jack Eichel,BUF,"10,000,000","10,000,000"
P.K. Subban,NSH,"10,000,000","9,000,000"
Evgeny Kuznetsov,WSH,"10,000,000","7,800,000"
Sidney Crosby,PIT,"10,000,000","8,700,000"
Alex Ovechkin,WSH,"10,000,000","9,538,462"
Evgeni Malkin,PIT,"9,500,000","9,500,000"
Steven Stamkos,TBL,"9,500,000","8,500,000"
Jakub Voracek,PHI,"9,250,000","8,250,000"
Brent Seabrook,CHI,"9,000,000","6,875,000"
Ryan Suter,MIN,"9,000,000","7,538,461"
Evander Kane,SJS,"9,000,000","7,000,000"
Corey Perry,ANA,"9,000,000","8,625,000"
Leon Draisaitl,EDM,"9,000,000","8,500,000"
Claude Giroux,PHI,"9,000,000","8,275,000"
Zach Parise,MIN,"9,000,000","7,538,461"
Ryan Getzlaf,ANA,"8,950,000","8,250,000"
Ryan O'Reilly,STL,"8,500,000","7,500,000"
Ilya Kovalchuk,LAK,"8,500,000","6,250,000"
Dustin Byfuglien,WPG,"8,000,000","7,600,000"
Kevin Shattenkirk,NYR,"8,000,000","6,650,000"
Brad Marchand,BOS,"8,000,000","6,125,000"
Victor Hedman,TBL,"8,000,000","7,875,000"
David Pastrnak,BOS,"8,000,000","6,666,666"
Ryan Johansen,NSH,"8,000,000","8,000,000"
James van Riemsdyk,PHI,"8,000,000","7,000,000"
Alexander Radulov,DAL,"8,000,000","6,250,000"
Drew Doughty,LAK,"7,650,000","7,000,000"
Bobby Ryan,OTT,"7,500,000","7,250,000"
T.J. Oshie,WSH,"7,500,000","5,750,000"
Nicklas Backstrom,WSH,"7,500,000","6,700,000"
David Krejci,BOS,"7,500,000","7,250,000"
Paul Stastny,VEG,"7,500,000","6,500,000"
Cam Fowler,ANA,"7,500,000","6,500,000"
Henrik Lundqvist,NYR,"7,500,000","8,500,000"
Erik Karlsson,SJS,"7,500,000","6,500,000"
Keith Yandle,FLA,"7,500,000","6,350,000"
Jason Spezza,DAL,"7,500,000","7,500,000"
Cam Atkinson,CBJ,"7,375,000","5,875,000"
Mark Stone,VEG,"7,350,000","7,350,000"
Kris Letang,PIT,"7,250,000","7,250,000"
Marc-Edouard Vlasic,SJS,"7,250,000","7,000,000"
"Steen, Alexander",STL,"7,000,000","5,750,000"
Alex Pietrangelo,STL,"7,000,000","6,500,000"
Pekka Rinne,NSH,"7,000,000","7,000,000"
Bo Horvat,VAN,"7,000,000","5,500,000"
Loui Eriksson,VAN,"7,000,000","6,000,000"
Jonathan Quick,LAK,"7,000,000","5,800,000"
Milan Lucic,EDM,"7,000,000","6,000,000"
"Marchessault, Jonathan",VEG,"7,000,000","5,000,000"
Josh Bailey,NYI,"7,000,000","5,000,000"
Oliver Ekman-Larsson,ARI,"7,000,000","5,500,000"
Connor Hellebuyck,WPG,"7,000,000","6,166,666"
Tuukka Rask,BOS,"7,000,000","7,000,000"
Vladimir Tarasenko,STL,"7,000,000","7,500,000"
Aaron Ekblad,FLA,"7,000,000","7,500,000"
Patrice Bergeron,BOS,"6,875,000","6,875,000"
Ondrej Palat,TBL,"6,855,000","5,300,000"
Nathan MacKinnon,COL,"6,750,000","6,300,000"
Johnny Gaudreau,CGY,"6,750,000","6,750,000"
Mark Scheifele,WPG,"6,750,000","6,125,000"
Dylan Larkin,DET,"6,750,000","6,100,000"
Martin Jones,SJS,"6,750,000","5,750,000"
Hampus Lindholm,ANA,"6,750,000","5,205,556"
Mark Giordano,CGY,"6,750,000","6,750,000"
Tyler Johnson,TBL,"6,750,000","5,000,000"
Brandon Saad,CHI,"6,750,000","6,000,000"
Sean Monahan,CGY,"6,750,000","6,375,000"
Ryan Kesler,ANA,"6,675,000","6,875,000"
Dmitry Orlov,WSH,"6,500,000","5,100,000"
Ben Bishop,DAL,"6,500,000","4,916,666"
Tyler Seguin,DAL,"6,500,000","5,750,000"
Travis Zajac,NJD,"6,500,000","5,750,000"
Johnny Boychuk,NYI,"6,500,000","6,000,000"
Bryan Little,WPG,"6,500,000","5,291,666"
Matt Duchene,CBJ,"6,500,000","6,000,000"
Colton Parayko,STL,"6,500,000","5,500,000"
Nikolaj Ehlers,WPG,"6,250,000","6,000,000"
Aleksander Barkov,FLA,"6,250,000","5,900,000"
Jaden Schwartz,STL,"6,250,000","5,350,000"
Sergei Bobrovsky,CBJ,"6,200,000","7,425,000"
Jonathan Huberdeau,FLA,"6,200,000","5,900,000"
Tom Wilson,WSH,"6,100,000","5,166,666"
Alex Goligoski,ARI,"6,100,000","5,475,000"
Nino Niederreiter,CAR,"6,075,000","5,250,000"
Marc Staal,NYR,"6,000,000","5,700,000"
Jordan Staal,CAR,"6,000,000","6,000,000"
David Backes,BOS,"6,000,000","6,000,000"
Kyle Turris,NSH,"6,000,000","6,000,000"
Shayne Gostisbehere,PHI,"6,000,000","4,500,000"
Jeff Skinner,BUF,"6,000,000","5,725,000"
Jordan Eberle,NYI,"6,000,000","6,000,000"
Logan Couture,SJS,"6,000,000","6,000,000"
Corey Crawford,CHI,"6,000,000","6,000,000"
Erik Johnson,COL,"6,000,000","6,000,000"
Frans Nielsen,DET,"6,000,000","5,250,000"
Filip Forsberg,NSH,"6,000,000","6,000,000"
Kyle Okposo,BUF,"6,000,000","6,000,000"
Cory Schneider,NJD,"6,000,000","6,000,000"
Justin Faulk,CAR,"6,000,000","4,833,333"
Zach Bogosian,BUF,"6,000,000","5,142,857"
Reilly Smith,VEG,"6,000,000","5,000,000"
Patrick Marleau,TOR,"6,000,000","6,250,000"
Ryan Nugent-Hopkins,EDM,"6,000,000","6,000,000"
Shea Weber,MTL,"6,000,000","7,857,143"
Tomas Hertl,SJS,"6,000,000","5,625,000"
Derek Stepan,ARI,"6,000,000","6,500,000"
Gabriel Landeskog,COL,"6,000,000","5,571,429"
Andrew Ladd,NYI,"6,000,000","5,500,000"
Joe Pavelski,SJS,"6,000,000","6,000,000"
Artemi Panarin,CBJ,"6,000,000","6,000,000"
Phil Kessel,PIT,"5,950,000","6,800,000"
Brandon Dubinsky,CBJ,"5,850,000","5,850,000"
Mikael Backlund,CGY,"5,850,000","5,350,000"
Blake Wheeler,WPG,"5,800,000","5,600,000"
Tyson Barrie,COL,"5,750,000","5,500,000"
Marc-Andre Fleury,VEG,"5,750,000","5,750,000"
Matt Niskanen,WSH,"5,750,000","5,750,000"
Dougie Hamilton,CAR,"5,750,000","5,750,000"
James Neal,CGY,"5,750,000","5,750,000"
Jonas Brodin,MIN,"5,750,000","4,166,667"
Brady Skjei,NYR,"5,700,000","5,250,000"
Mike Hoffman,FLA,"5,650,000","5,187,500"
Nikita Kucherov,TBL,"5,550,000","4,766,667"
Mika Zibanejad,NYR,"5,500,000","5,350,000"
Jared Spurgeon,MIN,"5,500,000","5,187,500"
Adam Henrique,ANA,"5,500,000","4,000,000"
Craig Anderson,OTT,"5,500,000","4,750,000"
Andrej Sekera,EDM,"5,500,000","5,500,000"
Andrew MacDonald,PHI,"5,500,000","5,000,000"
Jonathan Drouin,MTL,"5,500,000","5,500,000"
Danny DeKeyser,DET,"5,500,000","5,000,000"
Torey Krug,BOS,"5,500,000","5,250,000"
Tyler Bozak,STL,"5,500,000","5,000,000"
Nick Foligno,CBJ,"5,500,000","5,500,000"
Jaccob Slavin,CAR,"5,500,000","5,300,000"
Nick Leddy,NYI,"5,500,000","5,500,000"
Dustin Brown,LAK,"5,500,000","5,875,000"
Semyon Varlamov,COL,"5,500,000","5,900,000"
Mikael Granlund,NSH,"5,500,000","5,750,000"
Jacob Trouba,WPG,"5,500,000","5,500,000"
Seth Jones,CBJ,"5,400,000","5,400,000"
Rasmus Ristolainen,BUF,"5,400,000","5,400,000"
Jay Bouwmeester,STL,"5,400,000","5,400,000"
Ryan McDonagh,TBL,"5,300,000","4,700,000"
Patric Hornqvist,PIT,"5,300,000","5,300,000"
Vincent Trocheck,FLA,"5,250,000","4,750,000"
Roman Josi,NSH,"5,250,000","4,000,000"
William Karlsson,VEG,"5,250,000","5,250,000"
J.T. Miller,TBL,"5,250,000","5,250,000"
Shea Theodore,VEG,"5,200,000","5,200,000"
Kevin Hayes,WPG,"5,175,000","5,175,000"
Morgan Rielly,TOR,"5,000,000","5,000,000"
Lars Eller,WSH,"5,000,000","3,500,000"
Justin Abdelkader,DET,"5,000,000","4,250,000"
Devan Dubnyk,MIN,"5,000,000","4,333,333"
Zdeno Chara,BOS,"5,000,000","5,000,000"
"Tanev, Christopher",VAN,"5,000,000","4,450,000"
Wayne Simmonds,NSH,"5,000,000","3,975,000"
Braden Holtby,WSH,"5,000,000","6,100,000"
Sami Vatanen,NJD,"5,000,000","4,875,000"
Jeff Petry,MTL,"5,000,000","5,500,000"
Brayden Schenn,STL,"5,000,000","5,125,000"
Anders Lee,NYI,"5,000,000","3,750,000"
Andy Greene,NJD,"5,000,000","5,000,000"
Kyle Palmieri,NJD,"5,000,000","4,650,000"
Carl Soderberg,COL,"5,000,000","4,750,000"
Frederik Andersen,TOR,"5,000,000","5,000,000"
Jeff Carter,LAK,"5,000,000","5,272,727"
Joe Thornton,SJS,"5,000,000","5,000,000"
Artem Anisimov,CHI,"5,000,000","4,550,000"
Jason Zucker,MIN,"5,000,000","5,500,000"
Justin Schultz,PIT,"5,000,000","5,500,000"
Ian Cole,COL,"5,000,000","4,250,000"
Jason Pominville,BUF,"5,000,000","5,600,000"
Tomas Tatar,MTL,"4,981,132","4,800,000"
Noah Hanifin,CGY,"4,950,000","4,950,000"
Alex Galchenyuk,ARI,"4,900,000","4,900,000"
Travis Hamonic,CGY,"4,875,000","3,857,143"
Dion Phaneuf,LAK,"4,875,000","5,250,000"
Elias Lindholm,CGY,"4,850,000","4,850,000"
Adam Larsson,EDM,"4,850,000","4,166,666"
"Brodie, TJ",CGY,"4,838,000","4,650,400"
David Perron,STL,"4,750,000","4,000,000"
David Savard,CBJ,"4,750,000","4,250,000"
Ryan Callahan,TBL,"4,700,000","5,800,000"
Tyler Toffoli,LAK,"4,600,000","4,600,000"
Brendan Smith,NYR,"4,525,000","4,350,000"
Duncan Keith,CHI,"4,500,000","5,538,462"
Marco Scandella,BUF,"4,500,000","4,000,000"
Max Pacioretty,VEG,"4,500,000","4,050,000"
Alexander Wennberg,CBJ,"4,500,000","4,900,000"
Nazem Kadri,TOR,"4,500,000","4,500,000"
Erik Gudbranson,PIT,"4,500,000","4,000,000"
Kris Russell,EDM,"4,500,000","4,000,000"
John Klingberg,DAL,"4,500,000","4,250,000"
Craig Smith,NSH,"4,500,000","4,250,000"
Nikita Zaitsev,TOR,"4,500,000","4,500,000"
Chris Kreider,NYR,"4,500,000","4,625,000"
Connor Murphy,CHI,"4,500,000","3,850,000"
Anton Stralman,TBL,"4,500,000","4,500,000"
Alexander Edler,VAN,"4,500,000","5,000,000"
Alex Killorn,TBL,"4,450,000","4,450,000"
Jake Muzzin,TOR,"4,450,000","4,000,000"
Jay Beagle,VAN,"4,400,000","3,000,000"
Jake Allen,STL,"4,350,000","4,350,000"
Dmitry Kulikov,WPG,"4,333,333","4,333,333"
Cody Ceci,OTT,"4,300,000","4,300,000"
Nick Bjugstad,PIT,"4,300,000","4,100,000"
Jimmy Howard,DET,"4,250,000","5,291,666"
Sean Couturier,PHI,"4,250,000","4,333,333"
Viktor Arvidsson,NSH,"4,250,000","4,250,000"
Brock Nelson,NYI,"4,250,000","4,250,000"
Jonathan Ericsson,DET,"4,250,000","4,250,000"
Cam Talbot,PHI,"4,200,000","4,166,666"
Nick Bonino,NSH,"4,100,000","4,100,000"
Brian Dumoulin,PIT,"4,100,000","4,100,000"
Olli Maatta,PIT,"4,083,300","4,083,333"
Alec Martinez,LAK,"4,050,000","4,000,000"
Jake Gardiner,TOR,"4,050,000","4,050,000"
Brett Pesce,CAR,"4,025,000","4,025,000"
Leo Komarov,NYI,"4,000,000","3,000,000"
Oscar Klefbom,EDM,"4,000,000","4,167,000"
Boone Jenner,CBJ,"4,000,000","3,750,000"
Sven Baertschi,VAN,"4,000,000","3,366,666"
Calvin de Haan,CAR,"4,000,000","4,550,000"
Mattias Ekholm,NSH,"4,000,000","3,750,000"
Jack Johnson,PIT,"4,000,000","3,250,000"
Cal Clutterbuck,NYI,"4,000,000","3,500,000"
Michael Frolik,CGY,"4,000,000","4,300,000"
Niklas Hjalmarsson,ARI,"4,000,000","4,100,000"
Colin Wilson,COL,"4,000,000","3,937,500"
Mathieu Perreault,WPG,"4,000,000","4,125,000"
Victor Rask,MIN,"4,000,000","4,000,000"
Justin Williams,CAR,"4,000,000","4,500,000"
Vladislav Namestnikov,NYR,"4,000,000","4,000,000"
Andrew Shaw,MTL,"4,000,000","3,900,000"
Brenden Dillon,SJS,"3,900,000","3,270,000"
Colin Miller,VEG,"3,875,000","3,875,000"
Cody Eakin,VEG,"3,850,000","3,850,000"
Gustav Nyquist,SJS,"3,850,000","3,325,000"
Jason Demers,ARI,"3,850,000","3,937,500"
Tanner Pearson,VAN,"3,800,000","3,750,000"
Justin Braun,SJS,"3,800,000","3,800,000"
Antoine Roussel,VAN,"3,800,000","3,000,000"
Rickard Rakell,ANA,"3,800,000","3,789,444"
Mike Smith,CGY,"3,750,000","4,250,000"
Matt Calvert,COL,"3,750,000","2,850,000"
"Dadonov, Evgeni",FLA,"3,750,000","4,000,000"
Matt Murray,PIT,"3,750,000","3,750,000"
Charlie Coyle,BOS,"3,750,000","3,200,000"
Jakob Silfverberg,ANA,"3,750,000","3,750,000"
Darren Helm,DET,"3,750,000","3,850,000"
Braydon Coburn,TBL,"3,700,000","3,700,000"
Jacob Markstrom,VAN,"3,600,000","3,666,667"
Sam Reinhart,BUF,"3,550,000","3,650,000"
Andrei Vasilevskiy,TBL,"3,500,000","3,500,000"
Jamie McGinn,FLA,"3,500,000","3,333,333"
Ryan Ellis,NSH,"3,500,000","2,500,000"
Casey Cizikas,NYI,"3,500,000","3,350,000"
Michael Stone,CGY,"3,500,000","3,500,000"
Bryan Rust,PIT,"3,500,000","3,500,000"
Adam Lowry,WPG,"3,500,000","2,916,666"
Eric Staal,MIN,"3,500,000","3,500,000"
"Matheson, Michael",FLA,"3,500,000","4,875,000"
Sam Gagner,EDM,"3,500,000","3,150,000"
Vladimir Sobotka,BUF,"3,500,000","3,500,000"
Radko Gudas,PHI,"3,400,000","3,350,000"
Philipp Grubauer,COL,"3,350,000","3,333,333"
Michal Kempny,WSH,"3,300,000","2,500,000"
Jean-Gabriel Pageau,OTT,"3,300,000","3,100,000"
Anthony Mantha,DET,"3,300,000","3,300,000"
Trevor Daley,DET,"3,300,000","3,166,666"
John Gibson,ANA,"3,300,000","2,300,000"
John Moore,BOS,"3,250,000","2,750,000"
Brandon Montour,BUF,"3,250,000","3,387,500"
Jonathan Bernier,DET,"3,250,000","3,000,000"
Andrew Cogliano,DAL,"3,250,000","3,250,000"
Thomas Greiss,NYI,"3,250,000","3,333,333"
Josh Manson,ANA,"3,250,000","4,100,000"
Zack Smith,OTT,"3,250,000","3,250,000"
Jaroslav Halak,BOS,"3,250,000","2,750,000"
Andre Burakovsky,WSH,"3,250,000","3,000,000"
Darnell Nurse,EDM,"3,200,000","3,200,000"
"Morrissey, Joshua",WPG,"3,150,000","3,150,000"
Mats Zuccarello,DAL,"3,150,000","3,150,000"
Max Domi,MTL,"3,150,000","3,150,000"
Derek Ryan,CGY,"3,125,000","3,125,000"
Ryan Spooner,VAN,"3,100,000","3,100,000"
James Reimer,FLA,"3,100,000","3,400,000"
Brayden McNabb,VEG,"3,000,000","2,500,000"
Marcus Foligno,MIN,"3,000,000","2,875,000"
Damon Severson,NJD,"3,000,000","4,166,666"
Andreas Athanasiou,DET,"3,000,000","3,000,000"
Conor Sheary,BUF,"3,000,000","3,000,000"
Joel Edmundson,STL,"3,000,000","3,000,000"
Phillip Danault,MTL,"3,000,000","3,083,333"
Thomas Vanek,DET,"3,000,000","3,000,000"
Ryan Strome,NYR,"3,000,000","3,100,000"
Tyler Myers,WPG,"3,000,000","5,500,000"
Brendan Gallagher,MTL,"3,000,000","3,750,000"
Mikkel Boedker,OTT,"3,000,000","4,000,000"
Brian Elliott,PHI,"3,000,000","2,750,000"
Cam Ward,CHI,"3,000,000","3,000,000"
Carl Gunnarsson,STL,"2,900,000","2,900,000"
Chris Tierney,OTT,"2,900,000","2,937,500"
Roberto Luongo,FLA,"2,874,700","4,533,333"
Teuvo Teravainen,CAR,"2,860,000","2,860,000"
Marcus Johansson,BOS,"2,850,000","2,750,000"
Richard Panik,ARI,"2,800,000","2,800,000"
Ben Hutton,VAN,"2,800,000","2,800,000"
Ryan Reaves,VEG,"2,775,000","2,775,000"
Carter Hutton,BUF,"2,750,000","2,750,000"
Ben Lovejoy,DAL,"2,750,000","2,666,667"
Dan Girardi,TBL,"2,750,000","3,000,000"
Mark Pysyk,FLA,"2,750,000","2,733,333"
Valtteri Filppula,NYI,"2,750,000","2,750,000"
Riley Nash,CBJ,"2,750,000","2,750,000"
Valeri Nichushkin,DAL,"2,700,000","2,950,000"
Nick Holden,VEG,"2,600,000","2,200,000"
Blake Comeau,DAL,"2,600,000","2,400,000"
Markus Nutivaara,CBJ,"2,500,000","2,700,000"
Brian Boyle,NSH,"2,500,000","2,550,000"
Mikko Koskinen,EDM,"2,500,000","2,500,000"
Anton Khudobin,DAL,"2,500,000","2,500,000"
Miles Wood,NJD,"2,500,000","2,750,000"
Thomas Hickey,NYI,"2,500,000","2,500,000"
Nathan Beaulieu,WPG,"2,500,000","2,400,000"
Michael Grabner,ARI,"2,500,000","3,350,000"
Patrik Nemeth,COL,"2,500,000","2,500,000"
Oliver Bjorkstrand,CBJ,"2,500,000","2,500,000"
Kevan Miller,BOS,"2,500,000","2,500,000"
Matt Hunwick,BUF,"2,500,000","2,250,000"
Ron Hainsey,TOR,"2,400,000","3,000,000"
Michael Raffl,PHI,"2,350,000","2,350,000"
Dale Weise,MTL,"2,350,000","2,350,000"
Troy Stecher,VAN,"2,325,000","2,325,000"
Mattias Janmark,DAL,"2,300,000","2,300,000"
Nate Schmidt,VEG,"2,300,000","2,225,000"
Derek Forbort,LAK,"2,250,000","2,525,000"
Jan Rutta,TBL,"2,250,000","2,250,000"
Michael Del Zotto,STL,"2,250,000","2,250,000"
Matt Martin,NYI,"2,250,000","2,500,000"
Aaron Dell,SJS,"2,200,000","1,900,000"
Jimmy Vesey,NYR,"2,200,000","2,275,000"
Esa Lindell,DAL,"2,200,000","2,200,000"
Nikita Zadorov,COL,"2,200,000","2,150,000"
Devin Shore,ANA,"2,200,000","2,300,000"
Radek Faksa,DAL,"2,200,000","2,200,000"
Ryan Dzingel,CBJ,"2,100,000","1,800,000"
Derick Brassard,COL,"2,100,000","3,000,000"
Trevor van Riemsdyk,CAR,"2,100,000","2,300,000"
Riley Sheahan,FLA,"2,100,000","2,100,000"
Connor Brown,TOR,"2,100,000","2,100,000"
Calle Jarnkrok,NSH,"2,100,000","2,000,000"
Marcus Kruger,CHI,"2,070,000","2,775,000"
Anders Nilsson,OTT,"2,000,000","2,500,000"
Zach Hyman,TOR,"2,000,000","2,250,000"
Zack Kassian,EDM,"2,000,000","1,950,000"
Adam McQuaid,CBJ,"2,000,000","2,750,000"
Luke Glendening,DET,"2,000,000","1,800,000"
Tobias Rieder,EDM,"2,000,000","2,000,000"
Trevor Lewis,LAK,"2,000,000","2,000,000"
Melker Karlsson,SJS,"2,000,000","2,000,000"
Ryan Miller,ANA,"2,000,000","2,000,000"
"Nieto, Matt",COL,"1,975,000","1,975,000"
"Petrovic, Alex",EDM,"1,950,000","1,950,000"
Sam Bennett,CGY,"1,950,000","1,950,000"
Jamie Oleksiak,DAL,"1,950,000","2,137,500"
Joonas Donskoi,SJS,"1,900,000","1,900,000"
Tim Schaller,VAN,"1,900,000","1,900,000"
Joel Armia,MTL,"1,850,000","1,850,000"
Jesper Fast,NYR,"1,850,000","1,850,000"
Jordan Martinook,CAR,"1,850,000","1,800,000"
Josh Anderson,CBJ,"1,850,000","1,850,000"
Kyle Clifford,LAK,"1,800,000","1,600,000"
Oscar Lindberg,OTT,"1,800,000","1,700,000"
Micheal Ferland,CAR,"1,800,000","1,750,000"
Blake Coleman,NJD,"1,800,000","1,800,000"
Brett Ritchie,DAL,"1,800,000","1,750,000"
"Benning, Matthew",EDM,"1,800,000","1,900,000"
Jake McCabe,BUF,"1,775,000","1,600,000"
Jordan Weal,MTL,"1,750,000","1,750,000"
Niklas Kronwall,DET,"1,750,000","4,750,000"
Greg Pateryn,MIN,"1,750,000","2,250,000"
"Maroon, Patrick",STL,"1,750,000","1,750,000"
Stefan Noesen,NJD,"1,725,000","1,725,000"
Carl Hagelin,WSH,"1,718,438","1,875,000"
Nate Thompson,MTL,"1,650,000","1,650,000"
Zemgus Girgensons,BUF,"1,600,000","1,600,000"
Ben Chiarot,WPG,"1,600,000","1,400,000"
Darcy Kuemper,ARI,"1,600,000","1,850,000"
Mark Jankowski,CGY,"1,600,000","1,675,000"
Sven Andrighetto,COL,"1,550,000","1,400,000"
Johan Larsson,BUF,"1,550,000","1,475,000"
Luca Sbisa,NYI,"1,500,000","1,500,000"
Juuse Saros,NSH,"1,500,000","1,500,000"
Robin Lehner,NYI,"1,500,000","1,500,000"
Vinnie Hinostroza,ARI,"1,500,000","1,500,000"
Petr Mrazek,CAR,"1,500,000","1,500,000"
Drake Caggiula,CHI,"1,500,000","1,500,000"
Deryk Engelland,VEG,"1,500,000","1,500,000"
Brett Connolly,WSH,"1,500,000","1,500,000"
Dan Hamhuis,NSH,"1,500,000","1,250,000"
Markus Granlund,VAN,"1,475,000","1,475,000"
Mark Barberio,COL,"1,450,000","1,450,000"
Pierre-Edouard Bellemare,VEG,"1,450,000","1,450,000"
Tyler Bertuzzi,DET,"1,400,000","1,400,000"
Carter Rowney,ANA,"1,400,000","1,133,333"
Matt Grzelcyk,BOS,"1,400,000","1,400,000"
Ryan Pulock,NYI,"1,350,000","2,000,000"
Roman Polak,DAL,"1,300,000","1,300,000"
Sean Kuraly,BOS,"1,300,000","1,275,000"
Matthew Peca,MTL,"1,300,000","1,300,000"
Keith Kinkaid,CBJ,"1,300,000","1,250,000"
Connor Carrick,NJD,"1,300,000","1,300,000"
"Merrill, Jon",VEG,"1,275,000","1,375,000"
Jared McCann,PIT,"1,250,000","1,250,000"
Kevin Connauton,ARI,"1,250,000","1,375,000"
Chris Wagner,BOS,"1,250,000","1,250,000"
Austin Czarnik,CGY,"1,250,000","1,250,000"
Nick Ritchie,ANA,"1,200,000","1,640,000"
Colton Sceviour,FLA,"1,200,000","1,200,000"
Mark Borowiecki,OTT,"1,200,000","1,200,000"
Robert Bortuzzo,STL,"1,150,000","1,150,000"
Brandon Tanev,WPG,"1,150,000","1,150,000"
Louis Domingue,TBL,"1,150,000","1,150,000"
Andrew Copp,WPG,"1,100,000","1,000,000"
Steven Santini,NJD,"1,100,000","1,416,666"
Brad Richardson,ARI,"1,100,000","1,250,000"
Adam Pelech,NYI,"1,100,000","1,600,000"
Jordie Benn,MTL,"1,100,000","1,100,000"
Derrick Pouliot,VAN,"1,100,000","1,100,000"
Dmitrij Jaskin,WSH,"1,100,000","1,100,000"
Joonas Korpisalo,CBJ,"1,100,000","900,000"
Austin Watson,NSH,"1,100,000","1,100,000"
Scott Mayfield,NYI,"1,100,000","1,450,000"
Kyle Brodziak,EDM,"1,100,000","1,150,000"
Scott Laughton,PHI,"1,050,000","962,500"
Curtis Lazar,CGY,"1,050,000","950,000"
Nick Cousins,ARI,"1,050,000","1,000,000"
Eric Fehr,MIN,"1,000,000","1,000,000"
Brian Gibbons,OTT,"1,000,000","1,000,000"
"Morrow, Joe",WPG,"1,000,000","1,000,000"
Cedric Paquette,TBL,"1,000,000","1,000,000"
Jake Virtanen,VAN,"1,000,000","1,250,000"
Chris Kunitz,CHI,"1,000,000","1,000,000"
Tyler Pitlick,DAL,"1,000,000","1,000,000"
Yanni Gourde,TBL,"1,000,000","1,000,000"
Devante Smith-Pelly,WSH,"1,000,000","1,000,000"
Paul Byron,MTL,"1,000,000","1,166,667"
Ross Johnston,NYI,"1,000,000","1,000,000"
Madison Bowey,DET,"1,000,000","1,000,000"
Robert Hagg,PHI,"1,000,000","1,150,000"
Erik Gustafsson,CHI,"1,000,000","1,200,000"
Scott Wilson,BUF,"1,000,000","1,050,000"
Brooks Orpik,WSH,"1,000,000","1,000,000"
Tomas Nosek,VEG,"962,500","962,500"
Alex Biega,VAN,"950,000","825,000"
Antti Niemi,MTL,"950,000","950,000"
Nicolas Deslauriers,MTL,"950,000","950,000"
Gabriel Bourque,COL,"950,000","950,000"
Nolan Patrick,PHI,"925,000","925,000"
David Kampf,CHI,"925,000","925,000"
Robby Fabbri,STL,"925,000","925,000"
Dylan Gambrell,SJS,"925,000","925,000"
Ilya Lyubushkin,ARI,"925,000","925,000"
Elvis Merzlikins,CBJ,"925,000","1,844,559"
Juuso Valimaki,CGY,"925,000","894,166"
Tyler Motte,VAN,"925,000","925,000"
Saku Maenalanen,CAR,"925,000","925,000"
Ryan Poehling,MTL,"925,000","925,000"
Pavel Buchnevich,NYR,"925,000","925,000"
Danton Heinen,BOS,"925,000","872,500"
Brogan Rafferty,VAN,"925,000","5,133,750"
Bogdan Kiselevich,WPG,"925,000","925,000"
Dominik Kahun,CHI,"925,000","925,000"
Troy Terry,ANA,"925,000","925,000"
Igor Ozhiganov,TOR,"925,000","925,000"
Jesperi Kotkaniemi,MTL,"925,000","925,000"
Eric Robinson,CBJ,"925,000","925,000"
Matthew Tkachuk,CGY,"925,000","925,000"
Nikita Gusev,VEG,"925,000","925,000"
Matt Roy,LAK,"925,000","833,750"
Mikhail Sergachev,TBL,"925,000","894,166"
Tyson Jost,COL,"925,000","885,833"
Ian McCoshen,FLA,"925,000","925,000"
Spencer Foo,CGY,"925,000","925,000"
Jack Roslovic,WPG,"925,000","894,166"
"Werenski, Zachary",CBJ,"925,000","925,000"
Thatcher Demko,VAN,"925,000","925,000"
Alex Tuch,VEG,"925,000","925,000"
Michael Rasmussen,DET,"925,000","894,166"
Mirco Mueller,NJD,"925,000","850,000"
Adam Gaudette,VAN,"925,000","916,666"
Henrik Borgström,FLA,"925,000","925,000"
Jimmy Schuldt,VEG,"925,000","6,567,500"
"Robson, Mat",MIN,"925,000","925,000"
Josh Teves,VAN,"925,000","1,520,700"
Brady Keeper,FLA,"925,000","925,000"
Neal Pionk,NYR,"925,000","925,000"
Charlie McAvoy,BOS,"925,000","916,667"
Kyle Connor,WPG,"925,000","925,000"
Rasmus Dahlin,BUF,"925,000","925,000"
Colin White,OTT,"925,000","925,000"
Egor Yakovlev,NJD,"925,000","925,000"
Brock Boeser,VAN,"925,000","925,000"
Clayton Keller,ARI,"925,000","885,833"
Gustav Forsling,CHI,"925,000","872,500"
Frank Vatrano,FLA,"925,000","925,000"
Brett Howden,NYR,"925,000","863,333"
Rem Pitlick,NSH,"925,000","925,000"
J.T. Compher,COL,"925,000","925,000"
Nico Sturm,MIN,"925,000","4,273,500"
Carl Grundstrom,LAK,"925,000","925,000"
Robert Thomas,STL,"925,000","894,166"
Patrik Laine,WPG,"925,000","925,000"
Jake Bean,CAR,"925,000","863,333"
Taro Hirose,DET,"925,000","925,000"
Brady Tkachuk,OTT,"925,000","925,000"
Will Butcher,NJD,"925,000","925,000"
Elias Pettersson,VAN,"925,000","925,000"
Andrei Svechnikov,CAR,"925,000","925,000"
Dante Fabbro,NSH,"925,000","925,000"
Auston Matthews,TOR,"925,000","925,000"
Lias Andersson,NYR,"925,000","894,166"
Alexander Kerfoot,COL,"925,000","925,000"
Casey Mittelstadt,BUF,"925,000","925,000"
Blake Lizotte,LAK,"925,000","925,000"
Oskar Lindblom,PHI,"925,000","925,000"
Joey Daccord,OTT,"925,000","925,000"
Par Lindholm,WPG,"925,000","925,000"
Jakob Chychrun,ARI,"925,000","925,000"
Ryan Kuffner,DET,"925,000","925,000"
Max Veronneau,OTT,"925,000","925,000"
Josh Leivo,VAN,"925,000","925,000"
Sebastian Aho,CAR,"925,000","925,000"
Artturi Lehkonen,MTL,"925,000","839,166"
Pierre-Luc Dubois,CBJ,"925,000","894,166"
Filip Chytil,NYR,"925,000","894,166"
Nico Hischier,NJD,"925,000","925,000"
Miro Heiskanen,DAL,"925,000","894,166"
"Kielly, Jake",VAN,"925,000","925,000"
Zach Aston-Reese,PIT,"925,000","925,000"
Alex Iafallo,LAK,"925,000","925,000"
"Hughes, Quintin",VAN,"900,000","916,666"
Brett Kulak,MTL,"900,000","900,000"
MacKenzie Weegar,FLA,"900,000","900,000"
Korbinian Holzer,ANA,"900,000","900,000"
Joakim Nordstrom,BOS,"900,000","1,000,000"
Magnus Paajarvi,OTT,"900,000","900,000"
Brock McGinn,CAR,"900,000","887,500"
Dylan DeMelo,OTT,"900,000","900,000"
Andrew Peeke,CBJ,"900,000","916,666"
Chris Thorburn,STL,"900,000","900,000"
Jason Dickinson,DAL,"875,000","875,000"
Ryan Hartman,PHI,"875,000","875,000"
"Sanford, Zachary",STL,"875,000","875,000"
"Petan, Nicolas",TOR,"874,125","874,125"
Slater Koekkoek,CHI,"865,000","865,000"
Garnet Hathaway,CGY,"850,000","850,000"
Curtis McElhinney,CAR,"850,000","850,000"
Troy Brouwer,FLA,"850,000","850,000"
Jacob de La Rose,DET,"850,000","900,000"
Micheal Haley,SJS,"850,000","825,000"
Lukas Sedlak,CBJ,"850,000","825,000"
Alexandre Texier,CBJ,"842,500","897,500"
Travis Dermott,TOR,"832,500","863,333"
"Marner, Mitchell",TOR,"832,500","894,167"
Marcus Pettersson,PIT,"832,500","794,167"
Mathew Barzal,NYI,"832,500","863,333"
Jakub Vrana,WSH,"832,500","863,333"
Michael Dal Colle,NYI,"832,500","863,333"
Nikolay Goldobin,VAN,"832,500","863,333"
Anthony DeAngelo,NYR,"832,500","863,333"
Brandon Carlo,BOS,"832,500","789,167"
Anthony Beauvillier,NYI,"832,500","894,167"
Travis Sanheim,PHI,"832,500","863,333"
Christian Dvorak,ARI,"832,500","839,167"
Brendan Lemieux,NYR,"832,500","839,167"
Mikko Rantanen,COL,"832,500","894,167"
Adrian Kempe,LAK,"832,500","894,167"
Ivan Barbashev,STL,"832,500","741,667"
Haydn Fleury,CAR,"832,500","863,333"
Ivan Provorov,PHI,"832,500","894,167"
Kasperi Kapanen,TOR,"832,500","863,333"
Thomas Chabot,OTT,"832,500","863,333"
Travis Konecny,PHI,"832,500","894,167"
Brendan Perlini,CHI,"832,500","863,333"
Kevin Fiala,MIN,"832,500","863,333"
Lawson Crouse,ARI,"832,500","894,167"
Pavel Zacha,NJD,"832,500","894,167"
Julius Honka,DAL,"832,500","863,333"
Dylan Strome,CHI,"832,500","863,333"
Timo Meier,SJS,"832,500","894,167"
Joel Eriksson Ek,MIN,"832,500","894,167"
Jake Debrusk,BOS,"832,500","863,333"
Nick Jensen,WSH,"825,000","812,500"
Carl Dahlstrom,CHI,"817,500","750,833"
Christian Fischer,ARI,"815,000","821,666"
Drew Stafford,NJD,"810,000","810,000"
Luke Schenn,VAN,"800,000","800,000"
Adam Erne,TBL,"800,000","800,000"
Travis Boyd,WSH,"800,000","800,000"
Alex Nedeljkovic,CAR,"800,000","811,667"
Linus Ullmark,BUF,"800,000","750,000"
Paul Ladue,LAK,"800,000","825,000"
Casey Nelson,BUF,"800,000","812,500"
Calvin Pickard,ARI,"800,000","800,000"
Joseph Woll,TOR,"800,000","800,000"
Luke Witkowski,DET,"800,000","750,000"
Ty Rattie,EDM,"800,000","800,000"
Martin Marincin,TOR,"800,000","800,000"
Dalton Prout,CGY,"800,000","800,000"
David Rittich,CGY,"800,000","800,000"
Cale Makar,COL,"792,500","880,833"
Alex DeBrincat,CHI,"792,500","778,333"
Alexandar Georgiev,NYR,"792,500","792,500"
Jake Guentzel,PIT,"792,500","734,167"
Andreas Johnsson,TOR,"787,500","787,500"
Mike Reilly,MTL,"775,000","725,000"
Roope Hintz,DAL,"767,500","811,667"
Anthony Stolarz,EDM,"761,250","761,250"
Daniel Sprong,ANA,"750,000","750,000"
Charlie Lindgren,MTL,"750,000","750,000"
Cody McLeod,NSH,"750,000","750,000"
Miikka Salomaki,NSH,"750,000","750,000"
Noel Acciari,BOS,"750,000","725,000"
Jon Gillies,CGY,"750,000","750,000"
Rasmus Andersson,CGY,"750,000","755,833"
Dominik Simon,PIT,"750,000","750,000"
Sami Niku,WPG,"742,500","775,000"
Samuel Girard,COL,"742,500","728,333"
Libor Hajek,NYR,"742,500","833,333"
Austin Wagner,LAK,"742,500","759,167"
Kevin Labanc,SJS,"742,500","717,500"
Mathieu Joseph,TBL,"742,500","728,333"
Glenn Gawdin,CGY,"742,500","775,833"
Tyler Parsons,CGY,"742,500","759,167"
Carter Hart,PHI,"742,500","730,833"
Victor Mete,MTL,"742,500","748,333"
Anthony Cirelli,TBL,"742,500","728,333"
Dillon Dube,CGY,"742,500","778,333"
Jesper Bratt,NJD,"732,500","749,167"
Andrew Mangiapane,CGY,"730,000","705,000"
Warren Foegele,CAR,"730,000","746,667"
Christian Jaros,OTT,"730,000","755,000"
William Carrier,VEG,"725,000","725,000"
Matthew Phillips,CGY,"725,000","733,333"
Karson Kuhlman,BOS,"725,000","750,000"
Clark Bishop,CAR,"720,000","695,000"
Jacob Middleton,SJS,"720,000","735,000"
Sean Walker,LAK,"720,000","745,000"
Denis Malgin,FLA,"715,000","690,000"
Greg McKegg,CAR,"715,000","715,000"
Justin Bailey,PHI,"715,000","715,000"
Danick Martel,TBL,"715,000","715,000"
Landon Bow,DAL,"710,000","697,500"
Ryan Lomberg,CGY,"710,000","710,000"
"Nieves, Cristoval",NYR,"708,750","708,750"
Alan Quine,CGY,"700,000","700,000"
Fredrik Claesson,NYR,"700,000","700,000"
Mario Kempe,ARI,"700,000","700,000"
Kenny Agostino,NJD,"700,000","700,000"
Buddy Robinson,CGY,"700,000","700,000"
Connor Clifton,BOS,"700,000","725,000"
Matt Hendricks,WPG,"700,000","700,000"
Garret Sparks,TOR,"700,000","675,000"
Samuel Morin,PHI,"700,000","700,000"
Kevin Rooney,NJD,"700,000","700,000"
Scott Harrington,CBJ,"700,000","675,000"
John Hayden,CHI,"700,000","750,000"
Oskar Sundqvist,STL,"700,000","700,000"
Marcus Sorensen,SJS,"700,000","700,000"
Kevin Gravel,EDM,"700,000","700,000"
Jujhar Khaira,EDM,"700,000","675,000"
Adam Clendening,CBJ,"700,000","700,000"
Dennis Seidenberg,NYI,"700,000","700,000"
Oliver Kylington,CGY,"700,000","730,833"
"Högström, Marcus",CGY,"700,000","700,000"
Markus Hannikainen,CBJ,"700,000","675,000"
Dean Kukan,CBJ,"700,000","725,000"
Tom Kuhnhackl,NYI,"700,000","700,000"
Josh Archibald,ARI,"700,000","675,000"
J.T. Brown,MIN,"675,000","687,500"
Nick Seeler,MIN,"675,000","725,000"
Joakim Ryan,SJS,"650,000","650,000"
Kurtis Gabriel,NJD,"650,000","650,000"
Alex Stalock,MIN,"650,000","650,000"
Rocco Grimaldi,NSH,"650,000","650,000"
Jonny Brodzinski,LAK,"650,000","650,000"
Steven Kampfer,BOS,"650,000","650,000"
Brendan Guhle,ANA,"650,000","697,500"
MacKenzie Blackwood,NJD,"650,000","697,500"
Tyler Ennis,TOR,"650,000","650,000"
Radim Simek,SJS,"650,000","675,000"
Erik Cernak,TBL,"650,000","697,500"
Frederick Gaudreau,NSH,"650,000","666,666"
Garrett Wilson,PIT,"650,000","650,000"
Pheonix Copley,WSH,"650,000","650,000"
Brendan Leipsic,LAK,"650,000","650,000"
Antoine Bibeau,SJS,"650,000","675,000"
"Brown, Joshua",FLA,"650,000","675,000"
Mackenzie MacEachern,STL,"650,000","650,000"
Malcolm Subban,VEG,"650,000","650,000"
Barclay Goodrow,SJS,"650,000","650,000"
Anthony Duclair,OTT,"650,000","650,000"
Rinat Valiev,CGY,"650,000","650,000"
Tristan Jarry,PIT,"650,000","675,000"
Frederik Gauthier,TOR,"650,000","675,000"
Connor Brickley,NYR,"650,000","650,000"
Anthony Bitetto,MIN,"650,000","650,000"
Teddy Blueger,PIT,"650,000","650,000"
Ben Harpur,OTT,"650,000","725,000"
Alex Chiasson,EDM,"650,000","650,000"
Pontus Aberg,MIN,"650,000","650,000"
Brayden Point,TBL,"650,000","686,667"
Oscar Fantenberg,CGY,"650,000","650,000"
Matt Irwin,NSH,"650,000","675,000"
Casey DeSmith,PIT,"650,000","675,000"
Brad Hunt,MIN,"650,000","650,000"
Matt Cullen,PIT,"650,000","650,000"
Jack Campbell,LAK,"650,000","675,000"
Jared Coreau,STL,"650,000","650,000"
Christian Djoos,WSH,"650,000","650,000"
Eric Comrie,WPG,"650,000","650,000"
"Blais, Samuel",STL,"650,000","673,333"
Zane McIntyre,BOS,"650,000","650,000"
Yannick Weber,NSH,"650,000","675,000"
Taylor Fedun,DAL,"650,000","650,000"
Ryan Carpenter,VEG,"650,000","650,000"
Colby Cave,EDM,"650,000","675,000"
Evan Rodrigues,BUF,"650,000","650,000"
Jordan Binnington,STL,"650,000","650,000"
Jonas Siegenthaler,WSH,"650,000","714,166"
Devon Toews,NYI,"650,000","700,000"
Laurent Brossoit,WPG,"650,000","650,000"
"Varone, Philip",PHI,"650,000","650,000"
Colton Sissons,NSH,"650,000","625,000"
Ashton Sautner,VAN,"650,000","675,000"
Jordan Oesterle,ARI,"650,000","650,000"
Justin Holl,TOR,"650,000","675,000"
Chandler Stephenson,WSH,"650,000","650,000"
Charles Hudon,MTL,"650,000","650,000"
Chad Ruhwedel,PIT,"650,000","650,000"
Brandon Pirri,VEG,"650,000","650,000"
Kurtis MacDermid,LAK,"650,000","675,000"
Patrick Brown,CAR,"650,000","650,000"
Tim Heed,SJS,"650,000","650,000"
Tyler Graovac,CGY,"650,000","650,000"
Zac Rinaldo,NSH,"650,000","650,000"
