blockedShots,giveaways,playerName,takeaways,hits
24,11,Ryan Reaves,37,305
44,23,Lawson Crouse,25,288
81,18,Brandon Tanev,22,278
13,10,William Carrier,31,277
42,19,Matt Martin,13,275
61,12,Cedric Paquette,21,269
22,34,Milan Lucic,27,259
158,39,Robert Hagg,4,258
128,68,Adam Larsson,25,256
133,59,Radko Gudas,23,255
38,21,Chris Wagner,21,247
121,44,Rasmus Ristolainen,23,235
147,32,Jack Johnson,14,233
67,32,Nikita Zadorov,21,228
44,36,Blake Coleman,50,225
49,23,Adam Lowry,42,223
41,70,Alex Ovechkin,47,223
36,13,Noel Acciari,35,221
40,19,Josh Anderson,46,214
93,26,Mark Borowiecki,14,212
40,28,Cal Clutterbuck,20,209
40,36,Blake Comeau,39,208
43,13,Marcus Foligno,31,206
38,26,Leo Komarov,28,203
78,38,Brenden Dillon,16,202
52,15,Tyler Motte,34,200
52,44,Tom Wilson,43,200
36,29,Garnet Hathaway,23,200
139,38,Brayden McNabb,37,200
46,30,Jordan Martinook,53,199
102,25,Luke Glendening,23,198
79,19,Erik Cernak,11,198
15,48,Zack Kassian,35,191
152,49,Roman Polak,18,191
123,129,Jeff Petry,39,190
106,55,Calvin de Haan,59,187
34,40,Justin Abdelkader,9,185
84,31,Erik Gudbranson,10,184
90,77,Josh Manson,36,184
19,48,Micheal Ferland,36,182
119,69,Brady Skjei,32,178
35,26,Carter Rowney,22,178
38,44,Troy Brouwer,23,177
51,26,Nick Foligno,37,175
26,39,Brady Tkachuk,22,174
25,38,Evander Kane,48,173
134,102,Jake Muzzin,20,172
139,65,Ben Chiarot,20,171
120,105,Drew Doughty,23,168
137,73,Matt Niskanen,40,167
152,24,Deryk Engelland,26,165
52,65,Oliver Ekman-Larsson,32,162
146,73,Darnell Nurse,30,162
39,8,Josh Archibald,18,161
91,66,Dougie Hamilton,35,160
49,52,Chris Kreider,31,159
26,8,Adam Erne,16,159
70,21,Boone Jenner,42,158
121,66,Justin Faulk,47,156
37,22,Jake Virtanen,46,154
108,25,Dan Girardi,8,151
74,79,Ryan Getzlaf,60,150
34,18,Patric Hornqvist,25,150
29,44,Dustin Brown,31,150
61,22,Ilya Lyubushkin,6,150
116,41,Adam Pelech,37,149
28,7,Brandon Dubinsky,16,147
46,42,Scott Laughton,42,146
50,17,Brian Boyle,22,145
118,17,Greg Pateryn,14,144
120,56,Johnny Boychuk,10,144
29,11,Zemgus Girgensons,21,144
161,92,Esa Lindell,30,143
14,30,Kenny Agostino,25,143
148,68,Ryan Pulock,35,143
71,80,Jamie Benn,44,142
9,18,Austin Wagner,8,142
129,51,Brian Dumoulin,39,141
62,46,Vladislav Namestnikov,32,140
30,26,David Backes,33,140
151,79,Nikita Zaitsev,18,139
74,30,Frank Vatrano,33,139
98,60,Neal Pionk,38,138
37,11,Zach Aston-Reese,17,138
131,19,Patrik Nemeth,4,137
38,30,Brock McGinn,54,137
28,38,Wayne Simmonds,27,137
103,80,Dmitry Orlov,53,137
52,39,Richard Panik,46,137
27,47,Zack Smith,42,136
7,21,Pat Maroon,25,135
59,38,Jamie Oleksiak,10,135
26,22,Drake Caggiula,18,135
22,9,Nicolas Deslauriers,11,135
88,42,Brandon Carlo,43,134
66,69,Mika Zibanejad,69,134
89,72,Mark Pysyk,35,133
55,38,T.J. Oshie,46,133
78,31,Brooks Orpik,5,131
14,24,Mathieu Joseph,28,129
35,32,Sean Kuraly,34,129
68,34,Casey Cizikas,44,129
31,14,Brendan Lemieux,13,129
110,67,Shea Weber,17,129
53,22,Michael Del Zotto,7,129
79,30,Dion Phaneuf,6,128
36,24,Andrew Shaw,16,128
41,23,Tanner Pearson,21,128
106,41,Joel Edmundson,9,128
103,59,MacKenzie Weegar,34,127
166,38,Alexander Edler,13,127
25,17,Mathieu Perreault,31,127
157,43,Colton Parayko,33,127
27,39,Nick Bjugstad,37,126
19,31,Warren Foegele,36,126
31,30,Brendan Gallagher,57,126
17,17,Ryan Carpenter,30,126
13,12,Brett Ritchie,7,126
68,17,Barclay Goodrow,35,125
78,21,Christian Folin,4,125
19,12,Christian Fischer,12,124
128,71,Jordie Benn,19,124
143,41,Erik Johnson,31,124
180,72,Brent Seabrook,19,124
31,34,Nick Ritchie,20,123
33,26,Jujhar Khaira,22,123
149,92,Ivan Provorov,16,123
26,63,Andrei Svechnikov,34,123
64,46,Colin Miller,22,122
88,19,Adam McQuaid,11,122
18,24,Jordan Staal,40,122
123,38,David Savard,17,122
130,55,Dylan DeMelo,16,121
120,51,Justin Braun,34,121
27,38,Sam Bennett,25,121
47,24,Jesper Fast,25,120
64,47,Gabriel Landeskog,46,120
142,59,Cody Ceci,20,120
39,28,Artturi Lehkonen,46,120
20,38,Max Pacioretty,39,119
91,48,Connor Murphy,14,119
59,27,Bryan Rust,30,119
159,72,Scott Mayfield,10,118
24,9,Joel Eriksson Ek,18,117
111,76,Kris Letang,63,116
53,28,Alexander Petrovic,9,116
23,38,J.T. Miller,42,115
24,16,Kyle Clifford,11,115
51,20,Matt Calvert,43,115
52,54,Pierre-Luc Dubois,45,115
51,22,Nick Cousins,39,115
88,122,Aaron Ekblad,47,114
16,5,Garrett Wilson,5,114
36,26,Paul Byron,12,114
21,32,Joel Armia,46,113
42,57,Vincent Trocheck,55,112
171,86,Jacob Trouba,48,112
10,1,Cody McLeod,5,112
44,22,Johan Larsson,29,112
31,42,Brayden Schenn,51,111
82,40,Christian Jaros,17,110
52,25,Colton Sissons,35,109
28,13,Austin Watson,12,109
59,49,Matt Benning,10,109
75,24,Kevin Connauton,5,108
39,38,Ryan Hartman,35,107
64,43,Brett Kulak,15,107
178,46,Ian Cole,27,107
133,69,Seth Jones,59,106
50,26,Jason Dickinson,30,106
30,10,Mario Kempe,11,105
47,42,Jake Guentzel,45,105
139,78,Derek Forbort,15,105
39,9,Luke Schenn,2,105
34,41,Ondrej Palat,18,104
13,56,Matthew Tkachuk,42,104
27,25,Oscar Lindberg,22,104
76,30,Nick Holden,26,104
51,29,Anders Lee,22,103
65,29,Radek Faksa,42,103
99,32,Jake McCabe,20,103
39,28,Zach Hyman,30,102
33,10,Jay Beagle,13,102
15,28,Derick Brassard,35,102
43,17,Alex Biega,4,101
108,43,Marcus Pettersson,24,101
31,10,Oskar Sundqvist,41,101
25,21,Jayce Hawryluk,10,101
57,55,Travis Dermott,26,100
48,8,Gabriel Bourque,11,100
48,50,Brendan Smith,32,100
29,67,Filip Forsberg,69,100
115,77,Erik Gustafsson,34,100
40,38,Timo Meier,49,99
121,74,Brandon Montour,31,99
16,9,J.T. Brown,16,99
67,26,Carl Soderberg,49,99
56,40,Jonathan Ericsson,9,98
28,12,Frederik Gauthier,12,98
35,37,Kyle Palmieri,36,98
22,68,Jonathan Marchessault,51,98
161,66,Ryan McDonagh,46,98
37,22,Nic Dowd,29,97
66,79,Rasmus Dahlin,38,97
99,63,Tyler Myers,32,97
93,50,Mikhail Sergachev,18,97
27,33,Miles Wood,19,97
116,42,Olli Maatta,16,97
23,9,John Hayden,15,97
62,22,Braydon Coburn,17,96
29,20,Michael Raffl,28,96
23,66,Ryan Johansen,43,95
72,20,Robert Bortuzzo,11,95
60,53,Phillip Danault,49,95
21,9,Stefan Noesen,17,95
119,68,Marc Staal,28,94
49,15,Anthony Cirelli,47,94
20,39,Nino Niederreiter,51,94
64,22,Devin Shore,29,94
27,16,Tyler Pitlick,11,93
56,26,Ryan Kesler,18,93
185,71,Kris Russell,21,93
12,11,Sammy Blais,11,93
40,51,Alex Tuch,69,92
46,17,Kyle Brodziak,33,92
19,38,Kasperi Kapanen,44,92
29,14,Derek Grant,19,92
91,54,Charlie McAvoy,30,92
96,32,Troy Stecher,42,91
74,38,Oscar Fantenberg,12,91
145,23,Jared Spurgeon,30,91
144,74,Ron Hainsey,31,91
105,118,Brent Burns,88,90
58,24,Colton Sceviour,18,89
19,33,Dominik Simon,33,89
69,60,Ben Harpur,16,89
25,8,Ryan Callahan,22,89
71,37,Dmitry Kulikov,19,88
40,31,Vladimir Tarasenko,34,88
35,34,Cody Eakin,51,88
21,10,Dale Weise,9,88
29,21,Marcus Sorensen,33,88
23,22,Alex Killorn,30,88
35,30,Anthony Beauvillier,34,87
44,23,Nate Thompson,31,87
83,87,Noah Hanifin,50,87
54,19,Alex Iafallo,26,87
50,20,Antoine Roussel,20,87
30,14,Vladimir Sobotka,12,87
36,23,Roope Hintz,33,87
38,31,Jason Zucker,47,87
27,27,Kyle Okposo,17,87
14,6,Dmitrij Jaskin,13,87
21,24,Adrian Kempe,20,86
52,19,Joakim Nordstrom,26,86
31,14,Ivan Barbashev,36,86
38,16,Juuso Riikola,13,86
31,27,Alex Chiasson,28,85
15,18,Chris Kunitz,13,85
43,67,Sidney Crosby,54,85
13,47,Nazem Kadri,42,85
28,29,Michael Rasmussen,12,84
96,59,Niklas Kronwall,12,84
135,47,Michal Kempny,21,84
87,61,Damon Severson,25,83
30,40,Yanni Gourde,50,83
116,46,Zach Bogosian,17,83
9,7,Andreas Martinsen,3,83
38,60,Rickard Rakell,41,82
39,32,Lucas Wallmark,33,82
105,61,Nick Jensen,27,82
39,46,Elias Lindholm,50,82
88,44,Zdeno Chara,28,81
53,33,Blake Wheeler,42,81
133,85,Hampus Lindholm,23,81
31,17,Josh Brown,12,80
61,23,Markus Nutivaara,25,80
36,13,Anthony Bitetto,6,80
30,40,Jeff Carter,23,80
37,13,Matt Irwin,8,80
43,9,Steven Santini,9,80
38,100,Dylan Larkin,69,80
44,35,Frans Nielsen,18,79
154,59,Alex Goligoski,19,79
34,42,Jimmy Vesey,50,79
19,23,Kiefer Sherwood,17,79
94,30,Danny DeKeyser,14,79
135,70,Alec Martinez,12,78
36,9,Devante Smith-Pelly,7,78
71,26,Adam Henrique,39,78
8,4,Kurtis Gabriel,2,78
109,30,Ryan Suter,25,78
116,18,Nick Seeler,5,78
49,48,Bobby Ryan,50,77
33,39,Craig Smith,43,77
56,43,Charlie Coyle,42,77
51,44,Jared McCann,35,77
89,63,Nick Leddy,18,77
51,39,Dustin Byfuglien,21,77
76,24,John Moore,10,77
30,44,Tomas Tatar,52,77
22,9,Kevin Rooney,15,77
39,43,Tyler Bertuzzi,34,76
36,53,Ryan Strome,37,76
71,39,Derrick Pouliot,19,76
33,31,Fredrik Claesson,9,76
118,38,Ben Lovejoy,23,76
16,15,Micheal Haley,3,76
23,14,Tomas Nosek,32,75
61,35,Mirco Mueller,22,75
77,38,Jakob Chychrun,20,74
47,55,Tyler Seguin,47,74
41,22,Patrick Marleau,31,74
9,14,Charles Hudon,9,73
18,12,Colby Cave,22,73
104,55,Kevin Shattenkirk,39,73
81,18,Scott Harrington,9,73
79,20,Kevan Miller,18,73
26,26,Nolan Patrick,40,72
40,60,Steven Stamkos,28,72
29,11,Jacob de la Rose,17,72
44,23,Riley Sheahan,49,72
63,34,Madison Bowey,9,72
43,13,Riley Nash,39,72
20,5,Miikka Salomaki,6,72
71,62,Mark Stone,122,72
154,61,Ryan Ellis,54,71
112,72,Thomas Chabot,31,71
72,26,Jon Merrill,16,71
51,23,Pierre-Edouard Bellemare,38,71
34,27,Andrew Copp,22,71
32,30,Valeri Nichushkin,24,71
133,60,Jaccob Slavin,86,70
51,76,Jack Eichel,38,70
44,48,Patrik Laine,28,70
39,15,Christoffer Ehn,10,70
61,45,Joe Pavelski,41,69
20,8,Lukas Sedlak,6,69
40,56,Ryan Nugent-Hopkins,59,69
47,63,Lars Eller,59,69
41,34,Vinnie Hinostroza,28,69
44,12,Tobias Rieder,35,69
77,36,Sami Vatanen,16,68
32,32,Andrew Cogliano,22,68
107,69,Mattias Ekholm,32,68
52,28,Oskar Lindblom,26,68
24,31,Pavel Zacha,28,68
34,15,Luke Kunin,12,67
39,19,Melker Karlsson,30,67
208,45,Andy Greene,40,67
23,60,Anthony Mantha,37,67
27,20,Luke Witkowski,3,67
89,46,Zach Werenski,40,67
34,21,Radim Simek,14,67
16,51,Kevin Labanc,22,66
18,8,Tim Schaller,14,66
41,50,Jesperi Kotkaniemi,32,66
32,47,Filip Hronek,10,66
9,32,Tage Thompson,24,66
38,33,Travis Zajac,63,66
20,7,Sheldon Dries,7,66
9,8,Dryden Hunt,10,65
90,44,Samuel Girard,25,65
45,49,Travis Konecny,38,65
52,36,Logan Couture,71,65
67,16,Magnus Paajarvi,18,65
34,64,Sebastian Aho,81,65
20,19,Carl Hagelin,30,64
47,37,Brett Howden,28,64
32,13,Yannick Weber,7,64
55,21,Brad Richardson,27,63
8,1,Markus Hannikainen,15,63
40,14,Brandon Manning,7,63
38,22,Jean-Gabriel Pageau,21,63
132,135,Mike Matheson,64,63
34,40,Alex Galchenyuk,28,62
29,21,Bryan Little,36,62
63,38,Bo Horvat,28,62
139,50,Alex Pietrangelo,55,62
27,28,Jaden Schwartz,47,61
38,15,Korbinian Holzer,7,61
135,20,Jonas Brodin,29,61
114,94,Morgan Rielly,60,61
127,42,Jay Bouwmeester,25,61
64,53,Jake Gardiner,25,61
43,17,Matt Dumba,10,60
56,49,Mike Green,16,60
42,22,Nathan Beaulieu,9,60
8,12,Lias Andersson,14,60
39,17,Noah Juulsen,6,60
83,74,Alexander Radulov,43,60
20,43,Pavel Buchnevich,29,60
36,20,Andreas Johnsson,25,60
41,35,Mikko Rantanen,39,59
71,16,Anton Stralman,25,59
53,72,John Tavares,53,59
97,50,Victor Hedman,32,59
66,58,Anze Kopitar,57,59
55,12,Par Lindholm,30,58
144,65,Mark Giordano,73,58
15,60,Kevin Hayes,61,58
139,50,Jordan Oesterle,23,58
7,12,Ty Rattie,22,57
25,90,David Pastrnak,36,57
22,49,Michael Frolik,33,57
48,34,Igor Ozhiganov,11,57
26,116,Leon Draisaitl,71,57
43,29,Mats Zuccarello,38,57
45,84,Jonathan Huberdeau,43,57
40,20,Jordan Greenway,34,57
75,57,P.K. Subban,22,56
22,21,Calle Jarnkrok,25,56
28,21,Brendan Leipsic,22,56
32,88,Justin Williams,63,55
102,30,Ben Hutton,27,55
31,10,Colin Wilson,16,55
23,48,Jonathan Drouin,50,55
50,16,Alexander Steen,34,55
107,32,Josh Morrissey,33,55
9,6,Phillip Di Giuseppe,9,54
33,84,Evgeni Malkin,64,54
54,48,Mark Scheifele,74,54
164,87,John Carlson,55,54
36,32,Danton Heinen,43,54
31,64,Nathan MacKinnon,48,54
82,74,Tony DeAngelo,21,54
38,39,Ryan Dzingel,25,54
30,62,Nicklas Backstrom,53,54
28,27,Mikkel Boedker,25,54
16,7,Jake Dotchin,4,54
48,7,Slater Koekkoek,4,54
17,8,Michael Chaput,7,53
75,41,Marco Scandella,16,53
25,25,Brett Connolly,33,53
39,70,Max Domi,47,53
44,32,Nico Hischier,38,53
60,52,Torey Krug,20,53
144,65,Roman Josi,36,53
25,12,Trevor Lewis,12,53
131,30,Brett Pesce,54,53
64,44,Tomas Hertl,57,53
25,36,Brandon Saad,35,52
33,19,Tyler Bozak,30,52
26,55,Mikael Backlund,78,52
13,17,David Perron,41,52
83,45,Rasmus Andersson,24,52
14,7,Teddy Blueger,6,52
55,47,Brock Nelson,54,51
25,9,Paul LaDue,2,51
34,11,Marcus Kruger,17,51
22,14,Brendan Perlini,11,51
55,41,William Karlsson,73,51
32,32,Tyler Johnson,13,50
51,44,Derek Stepan,50,50
26,11,Matt Nieto,19,50
43,18,Jason Demers,14,50
19,17,Drew Stafford,15,50
26,30,Darren Helm,33,50
21,9,Bogdan Kiselevich,4,49
71,25,Zach Parise,22,49
14,21,Tyler Ennis,19,49
4,0,Mackenzie MacEachern,6,49
15,7,Adam Gaudette,10,48
68,49,Vince Dunn,18,48
41,16,Tom Kuhnhackl,8,48
15,17,Brett Seney,17,48
53,56,Mike Reilly,13,48
37,14,Zach Sanford,31,48
37,26,Henri Jokiharju,7,48
35,8,Tyson Jost,29,48
93,41,Tyson Barrie,28,48
76,110,Keith Yandle,27,47
32,50,Jakub Vrana,41,47
8,2,Zac Rinaldo,4,47
18,15,Andy Welinski,6,47
19,35,James Neal,11,46
60,39,Matt Grzelcyk,28,46
20,62,Evgeny Kuznetsov,46,46
102,53,Shayne Gostisbehere,20,46
40,34,Mikael Granlund,47,46
19,84,Brad Marchand,59,46
24,9,Markus Granlund,32,46
26,29,Jesse Puljujarvi,20,46
11,36,Pontus Aberg,15,45
187,46,Niklas Hjalmarsson,32,45
10,8,Saku Maenalanen,12,45
133,65,Travis Sanheim,20,45
24,27,Jake DeBrusk,42,45
21,12,Juho Lammikko,12,45
102,51,Oscar Klefbom,26,44
32,7,Steven Kampfer,12,44
31,89,Nikita Kucherov,58,44
69,63,Erik Karlsson,59,44
36,19,Casey Nelson,5,44
23,32,Josh Leivo,37,44
167,62,Travis Hamonic,37,44
17,11,Andrew Mangiapane,16,43
34,14,Oliver Bjorkstrand,31,43
40,16,Sean Walker,14,43
39,9,Joakim Ryan,11,43
60,27,Patrice Bergeron,42,43
1,5,Ross Johnston,2,43
77,79,John Klingberg,26,42
8,13,Philippe Myers,7,42
44,52,Jonathan Toews,72,42
51,52,Elias Pettersson,41,42
144,73,Duncan Keith,33,42
20,68,Kevin Fiala,44,42
11,3,Joey Anderson,12,42
26,98,Mike Hoffman,48,42
84,35,Trevor van Riemsdyk,28,42
4,10,Michael McLeod,12,41
11,9,Vinni Lettieri,7,41
28,39,Eric Staal,49,41
59,30,Jacob Larsson,10,41
13,11,Ian McCoshen,5,41
12,18,Victor Rask,13,40
21,15,Denis Malgin,16,40
29,23,Brian Gibbons,26,40
8,10,Matt Hendricks,5,40
60,48,Sean Couturier,47,40
16,10,Chad Ruhwedel,7,40
48,12,Eric Fehr,32,40
71,27,Thomas Hickey,9,40
13,9,Connor Clifton,10,40
30,6,David Kampf,31,39
23,27,Tyler Toffoli,44,39
17,2,Josh Currie,3,39
7,18,Ryan Spooner,10,39
33,54,Reilly Smith,67,39
5,5,Clark Bishop,5,39
30,89,Connor McDavid,99,39
38,23,Gustav Forsling,15,38
47,17,Matt Roy,4,38
13,41,Thomas Vanek,20,38
74,32,Will Butcher,17,38
43,27,Jakob Silfverberg,27,38
47,46,Sam Reinhart,39,38
3,5,Carl Grundstrom,8,38
33,11,Chandler Stephenson,18,38
61,40,Dan Hamhuis,12,38
100,39,Nate Schmidt,45,37
8,14,Andrew Ladd,9,37
37,28,Joe Morrow,5,37
36,38,Joonas Donskoi,24,36
24,58,Sean Monahan,78,36
8,2,Blake Pietila,9,36
9,5,Justin Falk,1,36
22,24,Jesper Bratt,17,36
20,10,Dalton Prout,4,36
23,74,Gustav Nyquist,42,36
35,40,Jordan Eberle,34,36
14,32,Daniel Sprong,18,35
15,18,Paul Stastny,36,35
26,50,Alex DeBrincat,51,35
29,29,Andre Burakovsky,28,35
26,9,Chris Wideman,3,35
23,64,Teuvo Teravainen,55,35
6,5,Connor Brickley,3,35
37,17,Connor Brown,31,35
5,1,Brad Malone,1,35
4,10,Martin Frk,3,35
16,19,James van Riemsdyk,25,34
82,48,Maxime Lajoie,13,34
32,29,Alexander Wennberg,34,34
71,96,Miro Heiskanen,35,34
3,6,Jamie McGinn,4,34
59,23,J.T. Compher,23,33
26,47,Andreas Athanasiou,26,33
35,29,Carl Dahlstrom,9,33
13,6,Brandon Sutter,8,33
18,20,Boo Nieves,12,33
33,39,Evan Rodrigues,34,33
42,59,Evgenii Dadonov,45,33
17,10,Conor Garland,25,33
21,12,Matthew Peca,12,33
31,19,Matt Cullen,24,32
33,29,Anthony Duclair,33,32
21,18,Jack Roslovic,25,32
29,30,Jaycob Megna,11,32
91,43,Cam Fowler,24,32
51,12,Ryan Graves,5,32
30,10,Xavier Ouellet,5,32
20,15,Rocco Grimaldi,27,32
53,18,Kevin Gravel,7,31
36,33,Ryan O'Reilly,94,31
43,25,Brayden Point,35,31
24,39,Jeff Skinner,56,31
9,1,Luke Johnson,6,31
44,20,Jonas Siegenthaler,3,31
18,10,Greg McKegg,14,30
8,4,Robby Fabbri,5,30
16,39,Casey Mittelstadt,31,30
5,9,Max Jones,12,30
95,27,Andrew MacDonald,3,30
54,61,Chris Tierney,53,30
3,4,Remi Elie,3,30
56,36,Mark Jankowski,49,30
45,20,David Schlemko,4,29
43,67,Mitchell Marner,78,29
122,32,Christopher Tanev,20,29
9,9,Lukas Radil,14,29
32,18,Sven Andrighetto,22,29
7,4,Jori Lehtera,6,29
29,31,Conor Sheary,35,29
2,4,Scott Wilson,4,29
21,46,Filip Chytil,25,29
13,11,Brandon Pirri,14,29
26,19,Jordan Weal,20,28
44,36,Mattias Janmark,30,28
40,68,Matt Duchene,50,28
24,44,David Krejci,54,28
12,5,Mason Appleton,4,28
60,67,Auston Matthews,57,28
15,19,Michael Grabner,31,28
19,48,Claude Giroux,46,28
24,38,Marcus Johansson,27,28
19,43,Ilya Kovalchuk,21,28
4,3,Nick Paul,5,28
61,69,Aleksander Barkov,100,28
3,4,Max Comtois,2,27
91,59,Shea Theodore,82,27
16,17,Nikolaj Ehlers,28,27
16,6,Michael Stone,6,27
93,30,Ryan Murray,22,27
25,45,Cam Atkinson,47,27
4,12,Kurtis MacDermid,0,26
6,15,Valentin Zykov,9,26
37,17,Connor Carrick,15,25
41,27,Justin Schultz,5,25
33,14,Artem Anisimov,50,25
21,6,Haydn Fleury,3,25
17,10,Ashton Sautner,3,25
16,5,Patrik Berglund,6,25
18,9,Frederick Gaudreau,13,25
56,117,Mathew Barzal,66,25
15,26,Kyle Turris,19,24
1,0,Nathan Bastian,1,24
70,40,Nick Bonino,30,24
1,5,Eric Robinson,1,24
21,22,Ryan Donato,30,24
30,12,Jan Rutta,1,24
30,28,Devon Toews,14,24
35,38,Colin White,21,23
9,5,Denis Gurianov,2,23
19,11,Phil Varone,5,23
114,51,Marc-Edouard Vlasic,24,23
7,0,Jonny Brodzinski,3,23
4,0,Jordan Nolan,1,22
29,39,Taylor Hall,31,22
29,30,Alexander Kerfoot,22,22
4,7,Joel L'Esperance,6,22
86,100,TJ Brodie,68,21
21,25,Martin Marincin,11,21
18,54,Patrick Kane,42,21
14,11,Corey Perry,12,21
95,57,Victor Mete,10,21
7,20,Sam Gagner,5,21
16,6,Eric Gryba,4,21
12,7,Jean-Sebastien Dea,13,21
43,14,Juuso Valimaki,9,21
7,3,Alexandre Fortin,9,21
7,4,John Quenneville,5,21
6,3,Max McCormick,1,21
18,5,Zach Trotman,2,20
4,5,Vladislav Kamenev,2,20
18,17,Caleb Jones,13,20
33,14,Lawrence Pilut,7,20
5,1,A.J. Greer,4,20
19,54,Derek Ryan,54,19
7,2,Dylan McIlrath,2,19
58,37,Taylor Fedun,14,19
9,4,Ben Street,4,19
32,80,Josh Bailey,41,19
50,50,Dennis Cholowski,7,18
23,37,Viktor Arvidsson,41,18
11,6,Kailer Yamamoto,3,18
20,20,Jason Pominville,13,18
5,10,Libor Sulak,3,18
24,15,Rudolfs Balcers,11,18
13,6,Sven Baertschi,10,18
28,22,Christian Djoos,10,18
6,1,Tanner Fritz,1,18
3,2,Trent Frederic,5,18
28,14,Brad Hunt,22,18
13,1,Nate Prosser,1,17
15,3,Brandon Davidson,2,17
11,18,Ondrej Kase,15,17
14,42,Joe Thornton,43,17
7,3,Luca Sbisa,1,17
27,7,Joe Hicketts,2,17
29,58,Jakub Voracek,32,17
21,13,Andrej Sekera,6,17
21,12,Drake Batherson,7,17
19,12,Matt Luff,4,17
17,4,Chris Butler,3,17
13,13,Michael Amadio,19,16
31,27,Julius Honka,4,16
16,9,Joel Hanley,3,16
14,25,William Nylander,28,16
0,2,Erik Burgdoerfer,0,16
21,5,Dean Kukan,4,16
3,2,Nick Lappin,3,16
3,2,Marko Dano,3,16
31,23,Tim Heed,11,16
7,14,Christian Dvorak,12,16
21,37,Clayton Keller,46,16
30,53,Jason Spezza,26,16
15,5,Jeremy Lauzon,4,15
2,1,Sam Carrick,1,15
10,2,Marc Methot,0,15
21,33,Nikolay Goldobin,20,15
46,9,Tom Pyatt,4,15
7,9,Trevor Moore,8,15
3,3,Timothy Gettinger,0,15
3,1,Rourke Chartier,0,14
4,3,Martin Hanzal,2,14
0,0,Nicolas Aube-Kubel,2,14
17,56,Artemi Panarin,31,14
3,4,Andrew Agozzino,1,14
1,3,Patrick Eaves,1,14
22,33,Brock Boeser,40,14
9,4,Jakob Forsbacka Karlsson,9,14
2,2,Stephen Gionta,0,14
2,5,Alan Quine,3,14
5,2,Joseph Gambardella,5,14
53,43,Trevor Daley,10,14
5,2,Cody Goloubef,0,13
23,5,Jason Garrison,2,13
21,15,Travis Boyd,14,13
46,34,Dylan Strome,47,13
3,2,Gemel Smith,5,13
22,30,Robert Thomas,36,13
1,0,Dylan Gambrell,5,13
27,24,Dominik Kahun,32,13
14,8,Mark Barberio,3,13
10,6,Karl Alzner,1,13
32,10,Mikko Koivu,35,13
0,0,Ryan Lomberg,1,12
3,0,William Borgen,0,12
34,27,Valtteri Filppula,36,12
12,124,Johnny Gaudreau,58,12
1,1,Danick Martel,3,12
22,19,Egor Yakovlev,3,12
18,78,Phil Kessel,33,12
2,1,Kyle Rau,1,11
9,2,Ryan Lindgren,0,11
35,7,Carl Gunnarsson,6,11
3,1,Adam Johnson,2,11
6,6,Erik Haula,12,11
19,13,Gavin Bayreuther,8,11
4,1,Eric Tangradi,3,11
31,25,Christian Wolanin,15,11
8,4,Matt Read,5,11
3,6,Dillon Dube,6,11
7,3,Justin Dowling,6,11
12,25,Henrik Borgstrom,21,11
7,5,Alex Formenton,4,11
41,32,Oliver Kylington,13,11
1,0,Maxim Mamin,1,10
30,11,Sami Niku,3,10
24,15,Austin Czarnik,24,10
22,3,Jordan Schmaltz,1,10
11,7,Antti Suomela,5,10
1,0,Kole Sherwood,1,10
1,0,Joseph Blandisi,3,10
3,3,Colin Blackwell,2,10
2,3,Matt Tennyson,0,10
8,11,Michael Dal Colle,7,10
4,3,Darren Archibald,1,10
2,2,Patrick Russell,3,9
21,33,Kyle Connor,56,9
6,10,Sam Steel,7,9
13,2,Corban Knight,6,9
3,2,Daniel Carr,3,9
1,1,Nikita Scherbak,0,9
7,5,Samuel Morin,1,9
5,2,Justin Bailey,3,9
7,1,Brendan Guhle,1,9
12,9,Anders Bjork,11,9
5,6,Justin Holl,2,9
3,0,Jack Rodewald,0,8
1,2,Matt Beleskey,0,7
1,1,Nicolas Roy,3,7
5,4,Jake Chelios,2,7
0,0,Tyrell Goulbourne,1,6
3,5,Filip Zadina,5,6
1,0,Michael Bunting,0,6
3,3,Steven Fogarty,4,6
18,8,Josh Mahura,7,6
0,1,Adam Cracknell,0,6
8,2,Evan Bouchard,3,6
5,7,Tomas Hyka,9,6
1,0,Dennis Gilbert,0,6
2,3,Dillon Heatherington,0,6
4,3,Karson Kuhlman,3,6
1,0,Anton Blidh,1,6
9,5,Matt Hunwick,2,6
0,1,Riley Stillman,0,5
0,1,Sonny Milano,0,5
2,2,Jaret Anderson-Dolan,2,5
2,1,Nikita Soshnikov,0,5
0,1,Nathan Walker,0,5
4,2,Daniel Brickley,0,5
12,25,Nick Schmaltz,35,5
3,2,Kalle Kossila,0,5
2,2,Andreas Englund,0,5
7,6,Peter Cehlarik,13,5
3,5,Libor Hajek,4,5
5,1,Ryan Kuffner,2,4
0,1,Anthony Peluso,2,4
12,16,Troy Terry,14,4
1,0,Josh Teves,1,4
2,1,Eeli Tolvanen,3,4
5,5,Isac Lundestrom,3,4
5,2,Matt Puempel,0,4
1,3,Tyler Lewington,0,4
0,1,Brendan Gaunce,0,4
4,4,Mikhail Vorobyev,5,4
4,3,Wade Megan,2,4
1,4,Zack MacEwen,0,4
1,0,Logan O'Connor,2,4
1,2,Cameron Gaunce,2,4
1,3,C.J. Smith,2,4
7,0,Andrej Sustr,0,3
3,0,Dominic Turgeon,1,3
0,0,Mark Letestu,0,3
4,0,Brian Lashoff,0,3
6,1,Dante Fabbro,2,3
5,3,Cameron Schilling,0,3
3,4,Paul Carey,3,3
7,7,Guillaume Brisebois,2,3
2,0,Nico Sturm,0,3
28,10,Loui Eriksson,29,3
1,1,Kevin Stenlund,3,3
13,3,John Gilmour,1,3
1,6,Erik Condra,0,3
2,7,Martin Necas,3,3
1,0,Kerby Rychel,0,3
0,2,Jakub Zboril,0,3
10,7,Dylan Sikura,23,3
1,1,Stefan Elliott,0,2
1,3,Ben Gleason,4,2
2,0,Kyle Capobianco,0,2
1,3,Josh Jacobs,0,2
1,0,Brady Keeper,0,2
4,3,Nic Petan,4,2
3,3,Victor Olofsson,1,2
3,3,Jordan Kyrou,3,2
2,1,Colton White,0,2
1,2,Alexandre Texier,0,2
0,1,Lee Stempniak,3,2
0,0,Justin Kloos,1,2
4,0,Louie Belpedio,0,1
0,0,Ryan Poehling,0,1
0,0,Mark Friedman,0,1
1,0,Matt Bartkowski,0,1
1,2,Quinn Hughes,3,1
2,4,Calle Rosen,0,1
1,2,Kristian Vesalainen,0,1
1,0,Anton Lindholm,0,1
0,0,Jake Bean,1,1
1,2,Jacob MacDonald,0,1
3,0,Ryan Murphy,1,1
1,0,Tomas Plekanec,0,1
4,2,Filip Chlapik,2,1
9,7,Taro Hirose,5,1
1,0,Trevor Carrick,0,1
2,1,Jacob Middleton,1,1
0,0,Chris Thorburn,0,1
1,4,Alexander Nylander,1,1
1,4,Erik Brannstrom,1,1
0,0,Reid Boucher,0,1
0,0,Chase De Leo,0,1
3,0,Adam Clendening,2,1
0,1,Zach Senyshyn,0,1
1,1,Jacob Nilsson,1,1
1,4,Sheldon Rempal,0,0
3,6,Joshua Ho-Sang,3,0
2,0,Mark Alt,0,0
3,0,Matt Donovan,0,0
1,0,Jakub Jerabek,0,0
1,0,Curtis Lazar,0,0
0,1,Urho Vaakanainen,0,0
1,0,Logan Brown,1,0
2,1,Brogan Rafferty,1,0
5,3,Max Veronneau,1,0
2,2,Kevin Roy,1,0
1,0,Blake Lizotte,1,0
0,0,Derek MacKenzie,0,0
0,0,Anthony Greco,0,0
1,0,Laurent Dauphin,0,0
1,0,Nelson Nogier,0,0
0,0,Dakota Mermis,0,0
1,1,Dominic Toninato,0,0
1,1,Jimmy Schuldt,0,0
0,0,Cooper Marody,5,0
0,0,Rem Pitlick,0,0
1,2,Vitaly Abramov,4,0
0,0,Danny O'Regan,0,0
1,0,Anthony Richard,0,0
1,2,Brandon Gignac,0,0
0,0,Gabriel Carlsson,1,0
3,1,Janne Kuokkanen,2,0
0,0,Zac Dalpe,0,0
0,1,Cory Conacher,0,0
